Workbook

Sheet README
A1: AeliusParallel Group — Org Structure Template
A2: Fill this template to integrate the org chart into HRMS. v1.0 · 2026-05-13
A4: What you need to fill
A6: Sheet | B6: What to do
A7: 1. Verticals | B7: REVIEW the 21 verticals listed. Edit names/descriptions if needed. Add or delete rows. The ID column (Column A) is critical — it's the slug used everywhere else.
A8: 2. Vertical Heads | B8: For each vertical, fill in the Head (employee). Use the EID from Reference sheet or pick from dropdown. Optional: Deputy Head, Dotted-line Head (if shared).
A9: 3. Reporting Lines | B9: For each of the 123 employees: confirm/update Vertical ID and Reports To (manager's EID). Optional: Dotted Line Manager. Suggested vertical is pre-filled — change if wrong.
A10: 4. Reference | B10: READ-ONLY lookup tables — employees (EID, Name) and verticals (ID, Name). Used by dropdowns.
A11: 5. Validation | B11: Auto-checks for orphans, circular reports, vertical mismatches. Review before submitting.
A14: Color Coding
A15: White cells (oxblood text) | B15: EDITABLE — fill these in
A16: Light beige cells | B16: LOCKED — pre-filled reference data, don't change
A17: Dark ink header | B17: Column headers
A20: Once complete
A21: 1. Save the file (keep the .xlsx format)
A22: 2. Upload back into the chat
A23: 3. We'll build the integrated org chart inside HRMS — verticals, headcounts, reporting tree, vertical heads — all live from this data
A25: Tips:
A26: • Reports To is by EID, not by name (e.g. 'APHL0003' not 'Anurag Kumar')
A27: • Each vertical should have a Head — even if it's a Founder (FO)
A28: • Use Dotted Line Manager for matrix relationships (e.g. PMS Lead has dotted line to Procurement)
A29: • Validation sheet auto-flags problems — fix them before submitting

Sheet Verticals
A1: Vertical Master List
A2: Edit names/descriptions. ID column (A) is the slug used in other sheets — change carefully.
A4: Vertical ID | B4: Vertical Name | C4: Belongs To | D4: Description / Scope
A5: FO | B5: Founder's Office | C5: Both | D5: Sankalp & Manisha · Apex authority
A6: DATA-MIS | B6: Data & MIS | C6: Both | D6: Shared independent resource · Sits under FO · Interworks with PMS & SOPSO
A7: FIN-STR | B7: Financial Strategy & Control | C7: Both | D7: Group shared · Encompassing auditor for all verticals across both entities
A8: ADMIN | B8: Administrative Services | C8: Both | D8: Shared · HR, Facilities, IT, Legal liaison, Back-office
A9: CRM | B9: CRM | C9: Both | D9: Shared · D2C + Offline + B2B customer lifecycle
A10: PMS | B10: Programme Management Services | C10: APHL | D10: Co-pilot for Aelius delivery · Cross-vertical project tracking
A11: RD-AEL | B11: Research & Development (APHL) | C11: APHL | D11: Formulation & product development for Aelius
A12: QCA | B12: Quality Control & Assurance | C12: APHL | D12: Incoming QC, in-process, finished goods, audits
A13: PROC | B13: Procurement Services | C13: APHL | D13: Vendor management, RM purchasing, cost negotiation
A14: WHS | B14: Warehousing Services | C14: APHL | D14: RM storage, finished goods, dispatch coordination
A15: MFG | B15: Manufacturing Services | C15: APHL | D15: Production, planning, plant operations
... A24: FIN-VER | B24: Accounting Office — Veridian | C24: Veridian | D24: Independent controller for Veridian entity

Sheet Vertical Heads
A1: Vertical Heads
A2: Who leads each vertical? Use EID (e.g. APHL0003) — Name auto-fills from Reference sheet.
A4: Vertical ID | B4: Vertical Name | C4: Head (EID) | D4: Head (Name — auto) | E4: Deputy Head (EID, optional) | F4: Deputy (Name — auto) | G4: Dotted Head (EID, optional) | H4: Notes
A5: FO | B5: Founder's Office | C5: TBA | D5: TBA | E5: APHLR0002 | F5: Yashi Gupta | G5: Sankalp + Manisha (Co-Founders) | H5: Sankalp + Manisha (Co-Founders)
A6: DATA-MIS | B6: Data & MIS | C6: APHL0012 | D6: Gunjan Kishore | E6: TBA | F6: TBA | G6: Sankalp
A7: FIN-STR | B7: Financial Strategy & Control | C7: NA | D7: Jatin Gupta | E7: TBA | F7: NA | G7: Sankalp
A8: ADMIN | B8: Administrative Services | C8: TBA | D8: TBA | E8: TBA | F8: TBA | G8: Sankalp
A9: CRM | B9: CRM | C9: TBA | D9: TBA | E9: VD0059 | F9: Anukriti | G9: Manisha
A10: PMS | B10: Programme Management Services | C10: APHL0003 | D10: Anurag Kumar | E10: APHL0021 | F10: Diksha Singh | G10: Sankalp
A11: RD-AEL | B11: Research & Development (APHL) | C11: APHL0004 | D11: Gopal Sharma | E11: TBA | F11: TBA | G11: Sankalp
A12: QCA | B12: Quality Control & Assurance | C12: APHL0013 | D12: Arvind Pal Singh | E12: TBA | F12: TBA | G12: Sankalp
A13: PROC | B13: Procurement Services | C13: APHL0013 | D13: Arvind Pal Singh | E13: TBA | F13: TBA | G13: Sankalp
A14: WHS | B14: Warehousing Services | C14: APHL0020 | D14: Kamal Kant Gautam | E14: APHL0014 | F14: Ashish Chauhan | G14: Sankalp
A15: MFG | B15: Manufacturing Services | C15: APHL0006 | D15: Mukul Shriram | E15: APHL0008 | F15: Prashant Kumar Pandey | G15: Sankalp
A16: FIN-AEL | B16: Accounting Office — APHL | C16: NA | D16: Jatin Gupta | E16: APHL0033 | F16: Jeevika Mahajan | G16: Sankalp
A17: SOPSO | B17: Sales Operations & Planning | C17: VD0012 | D17: Rohit Chaudhary | E17: TBA | F17: TBA | G17: Sankalp
... A24: FIN-VER | B24: Accounting Office — Veridian | C24: NA | D24: Jatin Gupta | E24: APHL0005 | F24: Uday Kumar Singh | G24: Sankalp

Sheet Reporting Lines
A1: Reporting Lines — Per Employee
A2: For each employee: confirm vertical and reports-to. Pre-filled best-guess in oxblood — review and correct.
A4: EID | B4: Name (auto) | C4: Entity | D4: Current Vertical (from HRMS) | E4: Vertical ID (assign) | F4: Vertical Name (auto) | G4: Reports To (EID) | H4: Reports To (Name — auto) | I4: Dotted Line Manager (EID, optional) | J4: Location | K4: Status
A5: APHL0003 | B5: Anurag Kumar | C5: APHL | D5: Product Management (PMS) | E5: PMS | F5: =IFERROR(VLOOKUP(E5,Verticals!A:B,2,FALSE()),"") -> Programme Management Services | G5: Sankalp Chopra | H5: =IFERROR(VLOOKUP(G5,Reference!A:B,2,FALSE()),"") | J5: Gurugram | K5: Active
A6: APHL0004 | B6: Gopal Sharma | C6: APHL | D6: R&D / Formulation | E6: RD-AEL | F6: =IFERROR(VLOOKUP(E6,Verticals!A:B,2,FALSE()),"") -> Research & Development (APHL) | G6: Sankalp Chopra | H6: =IFERROR(VLOOKUP(G6,Reference!A:B,2,FALSE()),"") | J6: Gurugram | K6: Active
A7: APHL0005 | B7: Uday Kumar Singh | C7: APHL | D7: Finance & Accounts | E7: FIN-AEL | F7: =IFERROR(VLOOKUP(E7,Verticals!A:B,2,FALSE()),"") -> Accounting Office — APHL | G7: Jatin Gupta | H7: =IFERROR(VLOOKUP(G7,Reference!A:B,2,FALSE()),"") | J7: Gurugram | K7: Active
A8: APHL0006 | B8: Mukul Shriram | C8: APHL | D8: Manufacturing Operations | E8: MFG | F8: =IFERROR(VLOOKUP(E8,Verticals!A:B,2,FALSE()),"") -> Manufacturing Services | G8: Sankalp Chopra | H8: =IFERROR(VLOOKUP(G8,Reference!A:B,2,FALSE()),"") | J8: Gurugram | K8: Active
A9: APHL0007 | B9: Basudev Das | C9: APHL | D9: Admin & Facilities | E9: ADMIN | F9: =IFERROR(VLOOKUP(E9,Verticals!A:B,2,FALSE()),"") -> Administrative Services | G9: Punit Kumar | H9: =IFERROR(VLOOKUP(G9,Reference!A:B,2,FALSE()),"") | J9: Gurugram | K9: Active
A10: APHL0008 | B10: Prashant Kumar Pandey | C10: APHL | D10: Manufacturing Operations | E10: MFG | F10: =IFERROR(VLOOKUP(E10,Verticals!A:B,2,FALSE()),"") -> Manufacturing Services | G10: Sankalp Chopra | H10: =IFERROR(VLOOKUP(G10,Reference!A:B,2,FALSE()),"") | J10: Gurugram | K10: Active
A11: APHL0009 | B11: Punit Kumar | C11: APHL | D11: Admin & Facilities | E11: ADMIN | F11: =IFERROR(VLOOKUP(E11,Verticals!A:B,2,FALSE()),"") -> Administrative Services | G11: Sankalp Chopra | H11: =IFERROR(VLOOKUP(G11,Reference!A:B,2,FALSE()),"") | J11: Gurugram | K11: Active
A12: APHL0010 | B12: Mitanshi Jain | C12: APHL | D12: Quality Control & Assurance | E12: QCA | F12: =IFERROR(VLOOKUP(E12,Verticals!A:B,2,FALSE()),"") -> Quality Control & Assurance | G12: Arvind Pal Singh | H12: =IFERROR(VLOOKUP(G12,Reference!A:B,2,FALSE()),"") | J12: Gurugram | K12: Active
A13: APHL0011 | B13: Rinki Bisht | C13: APHL | D13: Quality Control & Assurance | E13: QCA | F13: =IFERROR(VLOOKUP(E13,Verticals!A:B,2,FALSE()),"") -> Quality Control & Assurance | G13: Arvind Pal Singh | H13: =IFERROR(VLOOKUP(G13,Reference!A:B,2,FALSE()),"") | J13: Gurugram | K13: Active
A14: APHL0012 | B14: Gunjan Kishore | C14: APHL | D14: Data & MIS | E14: DATA-MIS | F14: =IFERROR(VLOOKUP(E14,Verticals!A:B,2,FALSE()),"") -> Data & MIS | G14: Sankalp Chopra | H14: =IFERROR(VLOOKUP(G14,Reference!A:B,2,FALSE()),"") | J14: Gurugram | K14: Active
A15: APHL0013 | B15: Arvind Pal Singh | C15: APHL | D15: Quality Control & Assurance | E15: QCA | F15: =IFERROR(VLOOKUP(E15,Verticals!A:B,2,FALSE()),"") -> Quality Control & Assurance | G15: Sankalp Chopra | H15: =IFERROR(VLOOKUP(G15,Reference!A:B,2,FALSE()),"") | J15: Gurugram | K15: Active
A16: APHL0014 | B16: Ashish Chauhan | C16: APHL | D16: Procurement & SCM | E16: PROC | F16: =IFERROR(VLOOKUP(E16,Verticals!A:B,2,FALSE()),"") -> Procurement Services | G16: Kamal Kant | H16: =IFERROR(VLOOKUP(G16,Reference!A:B,2,FALSE()),"") | J16: Gurugram | K16: Active
... A134: APHLR0003 | B134: Aastha Goel | C134: APHL | D134: Data & MIS | E134: DATA-MIS | F134: =IFERROR(VLOOKUP(E134,Verticals!A:B,2,FALSE()),"") -> Data & MIS | G134: Gunjan Kishore | H134: =IFERROR(VLOOKUP(G134,Reference!A:B,2,FALSE()),"") | J134: Gurugram | K134: Active
A135: VDR0002 | B135: Adityani | C135: Veridian | D135: Human Resources | E135: ADMIN | F135: =IFERROR(VLOOKUP(E135,Verticals!A:B,2,FALSE()),"") -> Administrative Services | G135: Sankalp Chopra | J135: Gurugram | K135: Active
A136: VDR0003 | B136: Unnati Gailakoti | C136: Veridian | D136: Marketing & Brand | E136: MKTG | F136: =IFERROR(VLOOKUP(E136,Verticals!A:B,2,FALSE()),"") -> Marketing | G136: Manisha Chopra | J136: Gurugram | K136: Active
A137: VDR0004 | B137: Salma Sulthana | C137: Veridian | D137: Sales & BD | E137: SALES-OFF | F137: =IFERROR(VLOOKUP(E137,Verticals!A:B,2,FALSE()),"") -> Offline Sales Team | G137: Vipin PS | J137: Thiruvananthapuram | K137: Active
A138: VDR0005 | B138: Priyanshi Chhabra | C138: Veridian | D138: SOPSO | E138: SOPSO | F138: =IFERROR(VLOOKUP(E138,Verticals!A:B,2,FALSE()),"") -> Sales Operations & Planning | G138: Rohit Chaudhary | J138: Gurugram | K138: Active
A139: VDR0006 | B139: Rakhi Mallick | C139: Veridian | D139: Sales & BD | E139: SALES-OFF | F139: =IFERROR(VLOOKUP(E139,Verticals!A:B,2,FALSE()),"") -> Offline Sales Team | G139: Koushik Kar | J139: Howrah | K139: Active
A140: VDR0007 | B140: Inapakurthi Bala Tripura Sundari Devi | C140: Veridian | D140: Sales & BD | E140: SALES-OFF | F140: =IFERROR(VLOOKUP(E140,Verticals!A:B,2,FALSE()),"") -> Offline Sales Team | G140: Korrayya Siva Kumar | J140: Visakhapatnam | K140: Active
A141: VDR0008 | B141: Priyanka Narnaware | C141: Veridian | D141: Sales & BD | E141: SALES-OFF | F141: =IFERROR(VLOOKUP(E141,Verticals!A:B,2,FALSE()),"") -> Offline Sales Team | G141: Abhinav S. Bahadure | J141: Nagpur | K141: Active

Sheet Reference
A1: EID | B1: Name | C1: Entity | D1: Designation | F1: Vertical ID | G1: Vertical Name | H1: Entity
A2: APHL0003 | B2: Anurag Kumar | C2: APHL | D2: Lead- Programme Management | F2: FO | G2: Founder's Office | H2: Both
A3: APHL0004 | B3: Gopal Sharma | C3: APHL | D3: Senior Formulation Chemist | F3: DATA-MIS | G3: Data & MIS | H3: Both
A4: APHL0005 | B4: Uday Kumar Singh | C4: APHL | D4: Sr. Accountant | F4: FIN-STR | G4: Financial Strategy & Control | H4: Both
A5: APHL0006 | B5: Mukul Shriram | C5: APHL | D5: Manufacturing Chemist | F5: ADMIN | G5: Administrative Services | H5: Both
A6: APHL0007 | B6: Basudev Das | C6: APHL | D6: Facility Management Supervisior | F6: CRM | G6: CRM | H6: Both
A7: APHL0008 | B7: Prashant Kumar Pandey | C7: APHL | D7: Production & Filling Supervisior | F7: PMS | G7: Programme Management Services | H7: APHL
A8: APHL0009 | B8: Punit Kumar | C8: APHL | D8: Lead - Assest Management Services | F8: RD-AEL | G8: Research & Development (APHL) | H8: APHL
A9: APHL0010 | B9: Mitanshi Jain | C9: APHL | D9: Junior QC | F9: QCA | G9: Quality Control & Assurance | H9: APHL
A10: APHL0011 | B10: Rinki Bisht | C10: APHL | D10: Quality Control Executive | F10: PROC | G10: Procurement Services | H10: APHL
A11: APHL0012 | B11: Gunjan Kishore | C11: APHL | D11: MIS Executive | F11: WHS | G11: Warehousing Services | H11: APHL
A12: APHL0013 | B12: Arvind Pal Singh | C12: APHL | D12: Head QC&QA | F12: MFG | G12: Manufacturing Services | H12: APHL
... A21: APHL0022 | B21: Abhishek Kumar | C21: APHL | D21: Supervisor Packaging Line | F21: FIN-VER | G21: Accounting Office — Veridian | H21: Veridian
A22: APHL0023 | B22: Vinay Kumar Verma | C22: APHL | D22: Executive Bulk Manufacturing
A23: APHL0024 | B23: Vivek Kumar | C23: APHL | D23: Supervisor Kt Assembly
A24: APHL0025 | B24: Prince Verma | C24: APHL | D24: Supervisor Sachet Machine
A25: APHL0026 | B25: Chintu Kumar | C25: APHL | D25: Machine Operator / Filling Machine
A26: APHL0027 | B26: Kailash Chandra | C26: APHL | D26: Machine Operator / Scahet Machine
A27: APHL0028 | B27: Kunal Ranjan | C27: APHL | D27: Executive R&D
A28: APHL0029 | B28: Gursewak Singh | C28: APHL | D28: Jr. Executive Asset Management
A29: APHL0030 | B29: Anmol Kumar | C29: APHL | D29: Supervisor Packaging Line
A30: APHL0031 | B30: Mahesh Shah | C30: APHL | D30: Driver
A31: APHL0032 | B31: Joginder Sngh Rana | C31: APHL | D31: Driver
A32: VD0001 | B32: Minakshi Arora | C32: Veridian | D32: Technical Trainer -Expert
A33: VD0002 | B33: R Anandakumar | C33: Veridian | D33: Business Head
... A124: VD0098 | B124: Pranjal Singh | C124: Veridian | D124: E-commerce Manager

Sheet Validation
A1: Validation Checks
A2: Auto-flags problems in the Reporting Lines and Vertical Heads sheets. Re-check after editing.
A4: Check | B4: Result | C4: What to do
A5: Total employees in template | B5: =COUNTA('Reporting Lines'!A5:A127) -> 123 | C5: Should equal 123
A6: Employees without vertical assigned | B6: =COUNTBLANK('Reporting Lines'!E5:E127) -> 0 | C6: Each employee must have a Vertical ID. Fix if >0.
A7: Employees without reports-to | B7: =COUNTBLANK('Reporting Lines'!G5:G127) -> 0 | C7: Founders can be empty; others should have a manager.
A8: Verticals without Head | B8: =COUNTBLANK('Vertical Heads'!C5:C24) -> 0 | C8: Each vertical should have a Head.
A9: Self-reports (reports to self) | B9: =SUMPRODUCT(('Reporting Lines'!A5:A127='Reporting Lines'!G5:G127)*('Reporting Lines'!G5:G127<>"")) -> 0 | C9: Should be 0. Fix any rows where EID = Reports To.
A10: Invalid vertical IDs in Reporting Lines | B10: =SUMPRODUCT(('Reporting Lines'!E5:E127<>"")*(ISERROR(MATCH('Reporting Lines'!E5:E127,Verticals!A5:A24,0)))) -> 0 | C10: Should be 0. Each Vertical ID must exist in Verticals sheet.
A11: Invalid Reports-To EIDs | B11: =SUMPRODUCT(('Reporting Lines'!G5:G127<>"")*(ISERROR(MATCH('Reporting Lines'!G5:G127,Reference!A:A,0)))) -> 123 | C11: Should be 0. Each Reports-To must be a valid EID.
A13: Common Dotted-Line Relationships (Reference)
A15: Data & MIS | B15: Dotted line to PMS (Aelius) and SOPSO (Veridian)
A16: Financial Strategy & Control | B16: Dotted line audit relationship with every vertical
A17: CRM | B17: Dotted line to Ecommerce (D2C), SOPSO (Offline), and Sales (B2B Aelius)
A18: Administrative Services | B18: Serves both entities — proportional reporting
A19: PMS Lead | B19: Dotted line to QCA, Procurement, Manufacturing for project delivery
